Id,Temperature (K),Pressure (kPa),Phase,N Components,Component 1,Role 1,Mole Fraction 1,Exact Amount 1,Component 2,Role 2,Mole Fraction 2,Exact Amount 2,EnthalpyOfMixing Value (kJ / mol),EnthalpyOfMixing Uncertainty (kJ / mol),Source
6391,298.15,101.0,Liquid,2,CN(C)CCO,Solvent,0.2052,,O,Solvent,0.7948,,-2.587,,10.1016/j.jct.2007.03.010
6392,298.15,101.0,Liquid,2,CN(C)CCO,Solvent,0.5365,,O,Solvent,0.4635,,-2.575,,10.1016/j.jct.2007.03.010
6393,298.15,101.0,Liquid,2,CN(C)CCO,Solvent,0.7996,,O,Solvent,0.2004,,-1.247,,10.1016/j.jct.2007.03.010
6395,303.15,100.0,Liquid,2,CCN(CC)CCO,Solvent,0.2008,,O,Solvent,0.7992,,-2.185,,10.1016/j.jct.2015.04.030
6396,303.15,100.0,Liquid,2,CCN(CC)CCO,Solvent,0.5002,,O,Solvent,0.4998,,-2.504,,10.1016/j.jct.2015.04.030
6397,303.15,100.0,Liquid,2,CCN(CC)CCO,Solvent,0.7003,,O,Solvent,0.2997,,-1.75,,10.1016/j.jct.2015.04.030
6404,313.15,101.0,Liquid,2,CN(CCO)CCO,Solvent,0.2593,,O,Solvent,0.7407,,-2.271,,10.1016/j.jct.2007.03.010
6405,313.15,101.0,Liquid,2,CN(CCO)CCO,Solvent,0.4941,,O,Solvent,0.5059,,-2.072,,10.1016/j.jct.2007.03.010
6406,313.15,101.0,Liquid,2,CN(CCO)CCO,Solvent,0.7411,,O,Solvent,0.2589,,-1.154,,10.1016/j.jct.2015.06.006
6410,298.15,101.0,Liquid,2,CNCCO,Solvent,0.1992,,O,Solvent,0.8008,,-2.243,,10.1016/j.jct.2007.03.010
6411,298.15,101.0,Liquid,2,CNCCO,Solvent,0.5017,,O,Solvent,0.4983,,-2.508,,10.1016/j.jct.2007.03.010
6412,298.15,101.0,Liquid,2,CNCCO,Solvent,0.7988,,O,Solvent,0.2012,,-1.219,,10.1016/j.jct.2007.03.010
6416,298.15,101.0,Liquid,2,O,Solvent,0.7057,,OCCNCCO,Solvent,0.2943,,-2.079,,10.1016/j.jct.2007.03.010
6417,298.15,101.0,Liquid,2,O,Solvent,0.5031,,OCCNCCO,Solvent,0.4969,,-1.916,,10.1016/j.jct.2007.03.010
6418,298.15,101.0,Liquid,2,O,Solvent,0.2579,,OCCNCCO,Solvent,0.7421,,-1.091,,10.1016/j.jct.2007.03.010
6420,303.15,100.0,Liquid,2,O,Solvent,0.7937,,OCCN(CCO)CCO,Solvent,0.2063,,-1.289,,10.1016/j.jct.2015.04.030
6421,303.15,100.0,Liquid,2,O,Solvent,0.5098,,OCCN(CCO)CCO,Solvent,0.4902,,-1.221,,10.1016/j.jct.2015.04.030
6422,303.15,100.0,Liquid,2,O,Solvent,0.29,,OCCN(CCO)CCO,Solvent,0.71,,-0.839,,10.1016/j.jct.2015.04.030
6426,303.15,101.0,Liquid,2,CC(C)CC(C)(C)C,Solvent,0.7748,,CC(C)OC(C)C,Solvent,0.2252,,0.132161,,10.1021/je9001416
6427,303.15,101.0,Liquid,2,CC(C)CC(C)(C)C,Solvent,0.5125,,CC(C)OC(C)C,Solvent,0.4875,,0.197047,,10.1021/je9001416
6428,303.15,101.0,Liquid,2,CC(C)CC(C)(C)C,Solvent,0.2693,,CC(C)OC(C)C,Solvent,0.7307,,0.158983,,10.1021/je9001416
6432,298.15,101.0,Liquid,2,O,Solvent,0.2094,,OCCOCCO,Solvent,0.7906,,-0.521,,10.1016/j.tca.2009.06.004
6433,298.15,101.0,Liquid,2,O,Solvent,0.6996,,OCCOCCO,Solvent,0.3004,,-1.245,,10.1016/j.tca.2009.06.004
6434,298.15,101.0,Liquid,2,O,Solvent,0.499,,OCCOCCO,Solvent,0.501,,-1.149,,10.1021/je400158p
6438,313.15,101.0,Liquid,2,CC(C)O,Solvent,0.2031,,O,Solvent,0.7969,,-0.3026,,10.1016/j.jct.2007.12.002
6439,313.15,101.0,Liquid,2,CC(C)O,Solvent,0.5048,,O,Solvent,0.4952,,0.1916,,10.1016/j.jct.2007.12.002
6440,313.15,101.0,Liquid,2,CC(C)O,Solvent,0.704,,O,Solvent,0.296,,0.3259,,10.1016/j.jct.2007.12.002
6444,298.15,101.3,Liquid,2,CCC(C)(C)O,Solvent,0.2807,,CCO,Solvent,0.7193,,-0.7056,,10.1021/je101031j
6445,298.15,101.3,Liquid,2,CCC(C)(C)O,Solvent,0.4607,,CCO,Solvent,0.5393,,-0.95,,10.1021/je101031j
6446,298.15,101.3,Liquid,2,CCC(C)(C)O,Solvent,0.7306,,CCO,Solvent,0.2694,,-0.7709,,10.1021/je101031j
6450,298.15,101.0,Liquid,2,c1cc[nH]c1,Solvent,0.2395,,c1ccncc1,Solvent,0.7605,,-1.7662,,10.1016/j.fluid.2013.10.029
6451,298.15,101.0,Liquid,2,c1cc[nH]c1,Solvent,0.5095,,c1ccncc1,Solvent,0.4905,,-2.649,,10.1016/j.fluid.2013.10.029
6452,298.15,101.0,Liquid,2,c1cc[nH]c1,Solvent,0.7602,,c1ccncc1,Solvent,0.2398,,-1.6452,,10.1016/j.fluid.2013.10.029
6456,298.15,101.0,Liquid,2,O,Solvent,0.7681,,OC1=NCCC1,Solvent,0.2319,,-0.5238,,10.1016/j.jct.2013.09.015
6457,298.15,101.0,Liquid,2,O,Solvent,0.5217,,OC1=NCCC1,Solvent,0.4783,,-0.8384,,10.1016/j.jct.2013.09.015
6458,298.15,101.0,Liquid,2,O,Solvent,0.2307,,OC1=NCCC1,Solvent,0.7693,,-0.678,,10.1016/j.jct.2013.09.015
6462,308.15,101.0,Liquid,2,C1CCCCC1,Solvent,0.7518,,CN1CCCC1=O,Solvent,0.2482,,1.1998,,10.1016/j.jct.2010.12.016
6463,308.15,101.0,Liquid,2,C1CCCCC1,Solvent,0.4734,,CN1CCCC1=O,Solvent,0.5266,,1.4691,,10.1016/j.jct.2010.12.016
6464,308.15,101.0,Liquid,2,C1CCCCC1,Solvent,0.2789,,CN1CCCC1=O,Solvent,0.7211,,1.2061,,10.1016/j.jct.2010.12.016
6468,308.15,101.0,Liquid,2,CN1CCCC1=O,Solvent,0.2356,,c1ccccc1,Solvent,0.7644,,-0.3684,,10.1016/j.jct.2010.12.016
6469,308.15,101.0,Liquid,2,CN1CCCC1=O,Solvent,0.5467,,c1ccccc1,Solvent,0.4533,,-0.4943,,10.1016/j.jct.2010.12.016
6470,308.15,101.0,Liquid,2,CN1CCCC1=O,Solvent,0.7411,,c1ccccc1,Solvent,0.2589,,-0.3841,,10.1016/j.jct.2010.12.016
6474,308.15,101.0,Liquid,2,CN1CCCC1=O,Solvent,0.2231,,Cc1ccccc1,Solvent,0.7769,,-0.1889,,10.1016/j.jct.2010.12.016
6475,308.15,101.0,Liquid,2,CN1CCCC1=O,Solvent,0.4821,,Cc1ccccc1,Solvent,0.5179,,-0.2985,,10.1016/j.jct.2010.12.016
6476,308.15,101.0,Liquid,2,CN1CCCC1=O,Solvent,0.7418,,Cc1ccccc1,Solvent,0.2582,,-0.2141,,10.1016/j.jct.2010.12.016
6480,298.15,101.0,Liquid,2,CC(=O)CC(C)C,Solvent,0.2017,,CCC(C)(C)O,Solvent,0.7983,,0.8181,,10.1021/je300678r
6481,298.15,101.0,Liquid,2,CC(=O)CC(C)C,Solvent,0.5008,,CCC(C)(C)O,Solvent,0.4992,,1.3674,,10.1021/je300678r
6482,298.15,101.0,Liquid,2,CC(=O)CC(C)C,Solvent,0.7009,,CCC(C)(C)O,Solvent,0.2991,,1.2068,,10.1021/je300678r
6486,297.15,101.0,Liquid,2,C1CCNCC1,Solvent,0.75,,O,Solvent,0.25,,-1.4628,,10.1016/j.fluid.2009.10.018
6487,297.15,101.0,Liquid,2,C1CCNCC1,Solvent,0.5,,O,Solvent,0.5,,-2.1379,,10.1016/j.fluid.2009.10.018
6488,297.15,101.0,Liquid,2,C1CCNCC1,Solvent,0.25,,O,Solvent,0.75,,-1.9642,,10.1016/j.fluid.2009.10.018
6492,298.15,101.0,Liquid,2,CN1CCNCC1,Solvent,0.1998,,O,Solvent,0.8002,,-4.495,,10.1016/j.jct.2015.06.006
6493,298.15,101.0,Liquid,2,CN1CCNCC1,Solvent,0.55,,O,Solvent,0.45,,-3.547,,10.1016/j.jct.2015.06.006
6494,298.15,101.0,Liquid,2,CN1CCNCC1,Solvent,0.7926,,O,Solvent,0.2074,,-1.753,,10.1016/j.jct.2015.06.006
6552,298.15,101.3,Liquid,2,OCCO,Solvent,0.225,,CCCCO,Solvent,0.775,,0.60308,,10.1021/je030207i
6498,308.15,101.0,Liquid,2,C1CCOCC1,Solvent,0.2379,,Cc1ccccc1N,Solvent,0.7621,,-0.3658,,10.1021/je1005196
6499,308.15,101.0,Liquid,2,C1CCOCC1,Solvent,0.4901,,Cc1ccccc1N,Solvent,0.5099,,-0.5715,,10.1021/je1005196
6500,308.15,101.0,Liquid,2,C1CCOCC1,Solvent,0.741,,Cc1ccccc1N,Solvent,0.259,,-0.4892,,10.1021/je1005196
6504,308.15,101.0,Liquid,2,CNC=O,Solvent,0.7214,,Cc1ccccc1N,Solvent,0.2786,,-0.6685,,10.1016/j.tca.2011.06.020
6505,308.15,101.0,Liquid,2,CNC=O,Solvent,0.5189,,Cc1ccccc1N,Solvent,0.4811,,-0.7563,,10.1016/j.tca.2011.06.020
6506,308.15,101.0,Liquid,2,CNC=O,Solvent,0.2174,,Cc1ccccc1N,Solvent,0.7826,,-0.4044,,10.1016/j.tca.2011.06.020
6510,308.15,101.0,Liquid,2,C1CCOCC1,Solvent,0.2254,,CNC=O,Solvent,0.7746,,0.1556,,10.1016/j.tca.2011.06.020
6511,308.15,101.0,Liquid,2,C1CCOCC1,Solvent,0.5114,,CNC=O,Solvent,0.4886,,0.3231,,10.1016/j.tca.2011.06.020
6512,308.15,101.0,Liquid,2,C1CCOCC1,Solvent,0.7576,,CNC=O,Solvent,0.2424,,0.2521,,10.1016/j.tca.2011.06.020
6516,298.15,101.0,Liquid,2,C1CCCCC1,Solvent,0.219,,CCCCCC,Solvent,0.781,,0.1264,,10.1016/j.jct.2008.12.004
6517,298.15,101.0,Liquid,2,C1CCCCC1,Solvent,0.4832,,CCCCCC,Solvent,0.5168,,0.2144,,10.1016/j.jct.2008.12.004
6518,298.15,101.0,Liquid,2,C1CCCCC1,Solvent,0.7255,,CCCCCC,Solvent,0.2745,,0.199,,10.1016/j.jct.2008.12.004
6522,303.15,101.0,Liquid,2,C1CCCCC1,Solvent,0.7513,,CCCCCCCC,Solvent,0.2487,,0.23,,10.1016/j.fluid.2006.03.020
6523,303.15,101.0,Liquid,2,C1CCCCC1,Solvent,0.5324,,CCCCCCCC,Solvent,0.4676,,0.258,,10.1016/j.fluid.2006.03.020
6524,303.15,101.0,Liquid,2,C1CCCCC1,Solvent,0.2744,,CCCCCCCC,Solvent,0.7256,,0.18,,10.1016/j.fluid.2006.03.020
6528,303.15,101.0,Liquid,2,CC(C)CC(C)(C)C,Solvent,0.7617,,CCO,Solvent,0.2383,,0.634022,,10.1021/je7005743
6529,303.15,101.0,Liquid,2,CC(C)CC(C)(C)C,Solvent,0.5158,,CCO,Solvent,0.4842,,0.638973,,10.1021/je7005743
6530,303.15,101.0,Liquid,2,CC(C)CC(C)(C)C,Solvent,0.0815,,CCO,Solvent,0.9185,,0.197762,,10.1021/je7005743
6534,298.2,100.0,Liquid,2,C1CCCCC1,Solvent,0.7668,,c1ccccc1,Solvent,0.2332,,0.5517,,10.1016/j.jct.2014.05.020
6535,298.2,100.0,Liquid,2,C1CCCCC1,Solvent,0.5012,,c1ccccc1,Solvent,0.4988,,0.7893,,10.1016/j.jct.2014.05.020
6536,298.2,100.0,Liquid,2,C1CCCCC1,Solvent,0.2606,,c1ccccc1,Solvent,0.7394,,0.6282,,10.1016/j.jct.2014.05.020
6540,308.15,101.0,Liquid,2,C1CCCCC1,Solvent,0.7266,,C1CCOCC1,Solvent,0.2734,,0.4424,,10.1016/j.tca.2010.03.028
6541,308.15,101.0,Liquid,2,C1CCCCC1,Solvent,0.2471,,C1CCOCC1,Solvent,0.7529,,0.3613,,10.1016/j.tca.2010.03.028
6542,308.15,101.0,Liquid,2,C1CCCCC1,Solvent,0.499,,C1CCOCC1,Solvent,0.501,,0.526,,10.1021/je900077g
6546,298.15,101.0,Liquid,2,BrCCBr,Solvent,0.7346,,CCOC=O,Solvent,0.2654,,0.3604,,10.1016/j.jct.2005.07.009
6547,298.15,101.0,Liquid,2,BrCCBr,Solvent,0.503,,CCOC=O,Solvent,0.497,,0.404,,10.1016/j.jct.2005.07.009
6548,298.15,101.0,Liquid,2,BrCCBr,Solvent,0.2475,,CCOC=O,Solvent,0.7525,,0.2492,,10.1016/j.jct.2005.07.009
6553,298.15,101.3,Liquid,2,CCCCO,Solvent,0.4776,,OCCO,Solvent,0.5224,,0.73252,,10.1021/je030207i
6554,298.15,101.3,Liquid,2,CCCCO,Solvent,0.2473,,OCCO,Solvent,0.7527,,0.55438,,10.1021/je030207i
6558,298.15,101.0,Liquid,2,NCCO,Solvent,0.74678,,c1ccncc1,Solvent,0.25322,,0.612,,10.1021/je400184t
6559,298.15,101.0,Liquid,2,NCCO,Solvent,0.55936,,c1ccncc1,Solvent,0.44064,,0.824,,10.1021/je400184t
6560,298.15,101.0,Liquid,2,NCCO,Solvent,0.24812,,c1ccncc1,Solvent,0.75188,,0.779,,10.1021/je400184t
6564,298.15,101.0,Liquid,2,CN(CCO)CCO,Solvent,0.23061,,c1ccncc1,Solvent,0.76939,,-0.032,,10.1021/je400184t
6565,298.15,101.0,Liquid,2,CN(CCO)CCO,Solvent,0.66958,,c1ccncc1,Solvent,0.33042,,-0.12,,10.1021/je400184t
6566,298.15,101.0,Liquid,2,CN(CCO)CCO,Solvent,0.47376,,c1ccncc1,Solvent,0.52624,,-0.093,,10.1021/je400184t
6573,298.15,100.0,Liquid,2,CC(=O)c1ccccc1,Solvent,0.2001,,CC(C)O,Solvent,0.7999,,1.1352,,10.1021/je7006633
6574,298.15,100.0,Liquid,2,CC(=O)c1ccccc1,Solvent,0.4996,,CC(C)O,Solvent,0.5004,,1.5703,,10.1021/je7006633
6575,298.15,100.0,Liquid,2,CC(=O)c1ccccc1,Solvent,0.7006,,CC(C)O,Solvent,0.2994,,1.3758,,10.1021/je7006633
6579,308.15,101.0,Liquid,2,C1COCO1,Solvent,0.7604,,Cc1ccccc1Cl,Solvent,0.2396,,0.313,,10.1021/je400722h
6580,308.15,101.0,Liquid,2,C1COCO1,Solvent,0.5009,,Cc1ccccc1Cl,Solvent,0.4991,,0.393,,10.1021/je400722h
6581,308.15,101.0,Liquid,2,C1COCO1,Solvent,0.2679,,Cc1ccccc1Cl,Solvent,0.7321,,0.272,,10.1021/je400722h
6585,308.15,101.0,Liquid,2,C1COCCO1,Solvent,0.8357,,Cc1ccccc1Cl,Solvent,0.1643,,0.244,,10.1021/je400722h
6586,308.15,101.0,Liquid,2,C1COCCO1,Solvent,0.4912,,Cc1ccccc1Cl,Solvent,0.5088,,0.356,,10.1021/je400722h
6587,308.15,101.0,Liquid,2,C1COCCO1,Solvent,0.2462,,Cc1ccccc1Cl,Solvent,0.7538,,0.206,,10.1021/je400722h
6591,308.15,101.0,Liquid,2,C1CCOCC1,Solvent,0.7533,,Cc1ccccc1Cl,Solvent,0.2467,,-0.154,,10.1021/je400722h
6592,308.15,101.0,Liquid,2,C1CCOCC1,Solvent,0.5175,,Cc1ccccc1Cl,Solvent,0.4825,,-0.22,,10.1021/je400722h
6593,308.15,101.0,Liquid,2,C1CCOCC1,Solvent,0.2632,,Cc1ccccc1Cl,Solvent,0.7368,,-0.175,,10.1021/je400722h
6597,308.15,101.0,Liquid,2,C1CCOCC1,Solvent,0.2915,,c1ccncc1,Solvent,0.7085,,0.0898,,10.1016/j.tca.2011.02.002
6598,308.15,101.0,Liquid,2,C1CCOCC1,Solvent,0.5363,,c1ccncc1,Solvent,0.4637,,0.1573,,10.1016/j.tca.2011.02.002
6599,308.15,101.0,Liquid,2,C1CCOCC1,Solvent,0.7344,,c1ccncc1,Solvent,0.2656,,0.1564,,10.1016/j.tca.2011.02.002
6603,308.15,101.0,Liquid,2,C1CCOCC1,Solvent,0.2683,,Cc1ccccn1,Solvent,0.7317,,0.1057,,10.1016/j.tca.2011.02.002
6604,308.15,101.0,Liquid,2,C1CCOCC1,Solvent,0.4822,,Cc1ccccn1,Solvent,0.5178,,0.1728,,10.1016/j.tca.2011.02.002
6605,308.15,101.0,Liquid,2,C1CCOCC1,Solvent,0.8216,,Cc1ccccn1,Solvent,0.1784,,0.1352,,10.1016/j.tca.2011.02.002
6609,308.15,101.0,Liquid,2,C1CCOCC1,Solvent,0.2732,,Cc1cccnc1,Solvent,0.7268,,0.1036,,10.1016/j.tca.2011.02.002
6610,308.15,101.0,Liquid,2,C1CCOCC1,Solvent,0.4803,,Cc1cccnc1,Solvent,0.5197,,0.1271,,10.1016/j.tca.2011.02.002
6611,308.15,101.0,Liquid,2,C1CCOCC1,Solvent,0.7355,,Cc1cccnc1,Solvent,0.2645,,0.0924,,10.1016/j.tca.2011.02.002
6615,308.15,101.0,Liquid,2,C1CCOCC1,Solvent,0.2416,,Cc1ccncc1,Solvent,0.7584,,0.0975,,10.1016/j.tca.2011.02.002
6616,308.15,101.0,Liquid,2,C1CCOCC1,Solvent,0.4834,,Cc1ccncc1,Solvent,0.5166,,0.1741,,10.1016/j.tca.2011.02.002
6617,308.15,101.0,Liquid,2,C1CCOCC1,Solvent,0.8262,,Cc1ccncc1,Solvent,0.1738,,0.0948,,10.1016/j.tca.2011.02.002
6621,303.15,101.0,Liquid,2,CC(C)OC(C)C,Solvent,0.228,,Cc1ccccc1,Solvent,0.772,,0.0593,,10.1016/j.fluid.2007.03.017
6622,303.15,101.0,Liquid,2,CC(C)OC(C)C,Solvent,0.455,,Cc1ccccc1,Solvent,0.545,,0.0323,,10.1016/j.fluid.2007.03.017
6623,303.15,101.0,Liquid,2,CC(C)OC(C)C,Solvent,0.752,,Cc1ccccc1,Solvent,0.248,,-0.0091,,10.1016/j.fluid.2007.03.017
6627,298.15,101.0,Liquid,2,CC(C)OC(C)C,Solvent,0.7274,,CCCCCl,Solvent,0.2726,,-0.0732,,10.1016/j.fluid.2011.06.001
6628,298.15,101.0,Liquid,2,CC(C)OC(C)C,Solvent,0.4547,,CCCCCl,Solvent,0.5453,,-0.0954,,10.1016/j.fluid.2011.06.001
6629,298.15,101.0,Liquid,2,CC(C)OC(C)C,Solvent,0.2727,,CCCCCl,Solvent,0.7273,,-0.0785,,10.1016/j.fluid.2011.06.001
6633,298.15,101.0,Liquid,2,CC(C)CCl,Solvent,0.0907,,CC(C)OC(C)C,Solvent,0.9093,,-0.0302,,10.1016/j.fluid.2011.06.001
6634,298.15,101.0,Liquid,2,CC(C)CCl,Solvent,0.5453,,CC(C)OC(C)C,Solvent,0.4547,,-0.0957,,10.1016/j.fluid.2011.06.001
6635,298.15,101.0,Liquid,2,CC(C)CCl,Solvent,0.727,,CC(C)OC(C)C,Solvent,0.273,,-0.0791,,10.1016/j.fluid.2011.06.001
6639,298.15,101.0,Liquid,2,CC(C)(C)Cl,Solvent,0.2192,,CC(C)OC(C)C,Solvent,0.7808,,0.007,,10.1016/j.fluid.2011.06.001
6640,298.15,101.0,Liquid,2,CC(C)(C)Cl,Solvent,0.5512,,CC(C)OC(C)C,Solvent,0.4488,,0.0071,,10.1016/j.fluid.2011.06.001
6641,298.15,101.0,Liquid,2,CC(C)(C)Cl,Solvent,0.7747,,CC(C)OC(C)C,Solvent,0.2253,,0.0035,,10.1016/j.fluid.2011.06.001
6648,303.15,101.0,Liquid,2,C1CCCCC1,Solvent,0.7442,,C1COCCO1,Solvent,0.2558,,1.262,,10.1016/j.fluid.2006.03.020
6649,303.15,101.0,Liquid,2,C1CCCCC1,Solvent,0.4928,,C1COCCO1,Solvent,0.5072,,1.588,,10.1016/j.fluid.2006.03.020
6650,303.15,101.0,Liquid,2,C1CCCCC1,Solvent,0.2394,,C1COCCO1,Solvent,0.7606,,1.124,,10.1016/j.fluid.2006.03.020
6654,298.15,101.0,Liquid,2,C1CCOCC1,Solvent,0.25,,O=C1CCCCC1,Solvent,0.75,,0.05827,,10.1021/je025649t
6655,298.15,101.0,Liquid,2,C1CCOCC1,Solvent,0.5,,O=C1CCCCC1,Solvent,0.5,,0.08658,,10.1021/je025649t
6656,298.15,101.0,Liquid,2,C1CCOCC1,Solvent,0.75,,O=C1CCCCC1,Solvent,0.25,,0.07698,,10.1021/je025649t
6660,298.15,101.3,Liquid,2,C1COCCO1,Solvent,0.25,,O=C1CCCCC1,Solvent,0.75,,0.20076,,10.1021/je034037l
6661,298.15,101.3,Liquid,2,C1COCCO1,Solvent,0.5,,O=C1CCCCC1,Solvent,0.5,,0.28584,,10.1021/je034037l
6662,298.15,101.3,Liquid,2,C1COCCO1,Solvent,0.75,,O=C1CCCCC1,Solvent,0.25,,0.23662,,10.1021/je034037l
6666,308.15,100.0,Liquid,2,C1COCCO1,Solvent,0.2252,,O=C1CCCCCC1,Solvent,0.7748,,0.0783,,10.1021/acs.jced.6b00606
6667,308.15,100.0,Liquid,2,C1COCCO1,Solvent,0.5725,,O=C1CCCCCC1,Solvent,0.4275,,0.1032,,10.1021/acs.jced.6b00606
6668,308.15,100.0,Liquid,2,C1COCCO1,Solvent,0.7716,,O=C1CCCCCC1,Solvent,0.2284,,0.0694,,10.1021/acs.jced.6b00606
6672,298.15,101.0,Liquid,2,BrCCBr,Solvent,0.7574,,COC=O,Solvent,0.2426,,0.653,,10.1016/j.jct.2006.05.004
6673,298.15,101.0,Liquid,2,BrCCBr,Solvent,0.5281,,COC=O,Solvent,0.4719,,0.8123,,10.1016/j.jct.2006.05.004
6674,298.15,101.0,Liquid,2,BrCCBr,Solvent,0.0595,,COC=O,Solvent,0.9405,,0.1715,,10.1016/j.jct.2006.05.004
6678,298.15,101.0,Liquid,2,BrCCBr,Solvent,0.7209,,COC(C)=O,Solvent,0.2791,,0.2594,,10.1016/j.jct.2006.05.004
6679,298.15,101.0,Liquid,2,BrCCBr,Solvent,0.4855,,COC(C)=O,Solvent,0.5145,,0.2577,,10.1016/j.jct.2006.05.004
6680,298.15,101.0,Liquid,2,BrCCBr,Solvent,0.2508,,COC(C)=O,Solvent,0.7492,,0.1202,,10.1016/j.jct.2006.05.004
6684,298.15,101.0,Liquid,2,BrCCCBr,Solvent,0.7594,,COC(C)=O,Solvent,0.2406,,0.313,,10.1016/j.jct.2006.05.004
6685,298.15,101.0,Liquid,2,BrCCCBr,Solvent,0.5042,,COC(C)=O,Solvent,0.4958,,0.3912,,10.1016/j.jct.2006.05.004
6686,298.15,101.0,Liquid,2,BrCCCBr,Solvent,0.2313,,COC(C)=O,Solvent,0.7687,,0.2115,,10.1016/j.jct.2006.05.004
6690,298.15,101.0,Liquid,2,BrCCBr,Solvent,0.2446,,CCC(=O)OC,Solvent,0.7554,,0.09,,10.1016/j.jct.2006.05.004
6691,298.15,101.0,Liquid,2,BrCCBr,Solvent,0.5086,,CCC(=O)OC,Solvent,0.4914,,0.0195,,10.1016/j.jct.2006.05.004
6692,298.15,101.0,Liquid,2,BrCCBr,Solvent,0.7852,,CCC(=O)OC,Solvent,0.2148,,-0.0281,,10.1016/j.jct.2006.05.004
6696,308.15,100.0,Liquid,2,CNC=O,Solvent,0.7476,,Cc1ccccc1Cl,Solvent,0.2524,,0.374,,10.1016/j.jct.2013.12.006
6697,308.15,100.0,Liquid,2,CNC=O,Solvent,0.5147,,Cc1ccccc1Cl,Solvent,0.4853,,0.49,,10.1016/j.jct.2013.12.006
6698,308.15,100.0,Liquid,2,CNC=O,Solvent,0.2656,,Cc1ccccc1Cl,Solvent,0.7344,,0.379,,10.1016/j.jct.2013.12.006
6702,308.15,100.0,Liquid,2,CN(C)C=O,Solvent,0.7679,,Cc1ccccc1Cl,Solvent,0.2321,,0.436,,10.1016/j.jct.2013.12.006
6703,308.15,100.0,Liquid,2,CN(C)C=O,Solvent,0.5118,,Cc1ccccc1Cl,Solvent,0.4882,,0.545,,10.1016/j.jct.2013.12.006
6704,308.15,100.0,Liquid,2,CN(C)C=O,Solvent,0.2743,,Cc1ccccc1Cl,Solvent,0.7257,,0.373,,10.1016/j.jct.2013.12.006
6708,303.0,101.0,Liquid,2,CCC(C)=O,Solvent,0.711,,CCCCO,Solvent,0.289,,1.177,,10.1016/j.jct.2007.06.009
6709,303.0,101.0,Liquid,2,CCC(C)=O,Solvent,0.486,,CCCCO,Solvent,0.514,,1.467,,10.1016/j.jct.2007.06.009
6710,303.0,101.0,Liquid,2,CCC(C)=O,Solvent,0.231,,CCCCO,Solvent,0.769,,1.123,,10.1016/j.jct.2007.06.009
6714,303.15,101.0,Liquid,2,CCCCCCC,Solvent,0.7519,,c1ccccc1,Solvent,0.2481,,0.6047,,10.1016/j.tca.2013.01.028
6715,303.15,101.0,Liquid,2,CCCCCCC,Solvent,0.5,,c1ccccc1,Solvent,0.5,,0.9235,,10.1016/j.tca.2013.01.028
6716,303.15,101.0,Liquid,2,CCCCCCC,Solvent,0.2424,,c1ccccc1,Solvent,0.7576,,0.7775,,10.1016/j.tca.2013.01.028
6720,298.15,101.0,Liquid,2,CC(C)CC(C)(C)C,Solvent,0.7005,,CCCCOCCCC,Solvent,0.2995,,0.10948,,10.1016/j.fluid.2009.11.010
6721,298.15,101.0,Liquid,2,CC(C)CC(C)(C)C,Solvent,0.4004,,CCCCOCCCC,Solvent,0.5996,,0.11538,,10.1016/j.fluid.2009.11.010
6722,298.15,101.0,Liquid,2,CC(C)CC(C)(C)C,Solvent,0.2004,,CCCCOCCCC,Solvent,0.7996,,0.07397,,10.1016/j.fluid.2009.11.010
6726,298.15,101.0,Liquid,2,NCCNCCO,Solvent,0.0699,,O,Solvent,0.9301,,-1.713,,10.1016/j.jct.2007.03.010
6727,298.15,101.0,Liquid,2,NCCNCCO,Solvent,0.77,,O,Solvent,0.23,,-1.711,,10.1016/j.jct.2007.03.010
6728,313.15,101.0,Liquid,2,NCCNCCO,Solvent,0.4001,,O,Solvent,0.5999,,-4.15,,10.1016/j.jct.2007.03.010
6732,298.15,101.0,Liquid,2,COC=O,Solvent,0.2508,,ClCCCl,Solvent,0.7492,,0.0793,,10.1016/j.jct.2006.10.008
6733,298.15,101.0,Liquid,2,COC=O,Solvent,0.4874,,ClCCCl,Solvent,0.5126,,0.1028,,10.1016/j.jct.2006.10.008
6734,298.15,101.0,Liquid,2,COC=O,Solvent,0.7322,,ClCCCl,Solvent,0.2678,,0.0733,,10.1016/j.jct.2006.10.008
6738,298.15,101.0,Liquid,2,COC=O,Solvent,0.2024,,ClCCCCl,Solvent,0.7976,,0.2064,,10.1016/j.jct.2006.10.008
6739,298.15,101.0,Liquid,2,COC=O,Solvent,0.5024,,ClCCCCl,Solvent,0.4976,,0.3503,,10.1016/j.jct.2006.10.008
6740,298.15,101.0,Liquid,2,COC=O,Solvent,0.7674,,ClCCCCl,Solvent,0.2326,,0.2841,,10.1016/j.jct.2006.10.008
6744,298.15,101.0,Liquid,2,CCOC=O,Solvent,0.2551,,ClCCCl,Solvent,0.7449,,-0.1475,,10.1016/j.jct.2006.10.008
6745,298.15,101.0,Liquid,2,CCOC=O,Solvent,0.5094,,ClCCCl,Solvent,0.4906,,-0.2501,,10.1016/j.jct.2006.10.008
6746,298.15,101.0,Liquid,2,CCOC=O,Solvent,0.7374,,ClCCCl,Solvent,0.2626,,-0.2029,,10.1016/j.jct.2006.10.008
6750,298.15,101.0,Liquid,2,CCCOC=O,Solvent,0.483,,ClCCCl,Solvent,0.517,,-0.4196,,10.1016/j.jct.2006.10.008
6751,298.15,101.0,Liquid,2,CCCOC=O,Solvent,0.3675,,ClCCCl,Solvent,0.6325,,-0.2,,10.1016/j.jct.2008.10.007
6752,298.15,101.0,Liquid,2,CCCOC=O,Solvent,0.7385,,ClCCCl,Solvent,0.2615,,-0.205,,10.1016/j.jct.2008.10.007
6756,298.15,101.0,Liquid,2,CCC(C)(C)O,Solvent,0.7994,,CCOC(C)(C)CC,Solvent,0.2006,,0.448,,10.1021/je300670n
6757,298.15,101.0,Liquid,2,CCC(C)(C)O,Solvent,0.4987,,CCOC(C)(C)CC,Solvent,0.5013,,0.8937,,10.1021/je300670n
6758,298.15,101.0,Liquid,2,CCC(C)(C)O,Solvent,0.2997,,CCOC(C)(C)CC,Solvent,0.7003,,0.9727,,10.1021/je300670n
6762,298.15,100.0,Liquid,2,CCCCC(=O)OC,Solvent,0.3486,,COC=O,Solvent,0.6514,,0.422,,10.1016/j.jct.2015.02.019
6763,298.15,100.0,Liquid,2,CCCCC(=O)OC,Solvent,0.5232,,COC=O,Solvent,0.4768,,0.409,,10.1016/j.jct.2015.02.019
6764,298.15,100.0,Liquid,2,CCCCC(=O)OC,Solvent,0.7968,,COC=O,Solvent,0.2032,,0.219,,10.1016/j.jct.2015.02.019
6768,298.15,100.0,Liquid,2,CCCCC(=O)OC,Solvent,0.264,,CO,Solvent,0.736,,0.736,,10.1016/j.jct.2015.02.019
6769,298.15,100.0,Liquid,2,CCCCC(=O)OC,Solvent,0.5081,,CO,Solvent,0.4919,,1.091,,10.1016/j.jct.2015.02.019
6770,298.15,100.0,Liquid,2,CCCCC(=O)OC,Solvent,0.7931,,CO,Solvent,0.2069,,0.812,,10.1016/j.jct.2015.02.019
6774,298.15,100.0,Liquid,2,CO,Solvent,0.9167,,COC=O,Solvent,0.0833,,0.311,,10.1016/j.jct.2015.02.019
6775,298.15,100.0,Liquid,2,CO,Solvent,0.4873,,COC=O,Solvent,0.5127,,1.179,,10.1016/j.jct.2015.02.019
6776,298.15,100.0,Liquid,2,CO,Solvent,0.2822,,COC=O,Solvent,0.7178,,1.105,,10.1016/j.jct.2015.02.019
6780,298.15,101.0,Liquid,2,CCCOC(=O)CC,Solvent,0.2376,,ClCCCl,Solvent,0.7624,,-0.317,,10.1016/j.jct.2008.10.007
6781,298.15,101.0,Liquid,2,CCCOC(=O)CC,Solvent,0.5177,,ClCCCl,Solvent,0.4823,,-0.557,,10.1016/j.jct.2008.10.007
6782,298.15,101.0,Liquid,2,CCCOC(=O)CC,Solvent,0.7874,,ClCCCl,Solvent,0.2126,,-0.357,,10.1016/j.jct.2008.10.007
6786,298.15,101.0,Liquid,2,CN(C)C=O,Solvent,0.299,,ClCCCl,Solvent,0.701,,-0.575,,10.1016/j.jct.2007.06.017
6787,298.15,101.0,Liquid,2,CN(C)C=O,Solvent,0.498,,ClCCCl,Solvent,0.502,,-0.663,,10.1016/j.jct.2007.06.017
6788,298.15,101.0,Liquid,2,CN(C)C=O,Solvent,0.702,,ClCCCl,Solvent,0.298,,-0.531,,10.1016/j.jct.2007.06.017
6792,298.15,101.0,Liquid,2,CN(C)C=O,Solvent,0.204,,ClCCCCCl,Solvent,0.796,,-0.039,,10.1016/j.jct.2007.06.017
6793,298.15,101.0,Liquid,2,CN(C)C=O,Solvent,0.501,,ClCCCCCl,Solvent,0.499,,-0.056,,10.1016/j.jct.2007.06.017
6794,298.15,101.0,Liquid,2,CN(C)C=O,Solvent,0.701,,ClCCCCCl,Solvent,0.299,,-0.052,,10.1016/j.jct.2007.06.017
6798,298.15,101.0,Liquid,2,CN(C)C=O,Solvent,0.203,,ClCCCCCCCl,Solvent,0.797,,0.195,,10.1016/j.jct.2007.06.017
6799,298.15,101.0,Liquid,2,CN(C)C=O,Solvent,0.498,,ClCCCCCCCl,Solvent,0.502,,0.34,,10.1016/j.jct.2007.06.017
6800,298.15,101.0,Liquid,2,CN(C)C=O,Solvent,0.796,,ClCCCCCCCl,Solvent,0.204,,0.24,,10.1016/j.jct.2007.06.017
6804,298.15,101.0,Liquid,2,CC(=O)N(C)C,Solvent,0.202,,ClCCCl,Solvent,0.798,,-0.586,,10.1016/j.jct.2007.06.017
6805,298.15,101.0,Liquid,2,CC(=O)N(C)C,Solvent,0.5,,ClCCCl,Solvent,0.5,,-0.885,,10.1016/j.jct.2007.06.017
6806,298.15,101.0,Liquid,2,CC(=O)N(C)C,Solvent,0.702,,ClCCCl,Solvent,0.298,,-0.706,,10.1016/j.jct.2007.06.017
6810,298.15,101.0,Liquid,2,CC(=O)N(C)C,Solvent,0.211,,ClCCCCCl,Solvent,0.789,,-0.188,,10.1016/j.jct.2007.06.017
6811,298.15,101.0,Liquid,2,CC(=O)N(C)C,Solvent,0.506,,ClCCCCCl,Solvent,0.494,,-0.314,,10.1016/j.jct.2007.06.017
6812,298.15,101.0,Liquid,2,CC(=O)N(C)C,Solvent,0.705,,ClCCCCCl,Solvent,0.295,,-0.281,,10.1016/j.jct.2007.06.017
6816,303.15,101.0,Liquid,2,CC(C)OC(C)C,Solvent,0.2516,,CCO,Solvent,0.7484,,0.201984,,10.1021/je9001416
6817,303.15,101.0,Liquid,2,CC(C)OC(C)C,Solvent,0.4894,,CCO,Solvent,0.5106,,0.400777,,10.1021/je9001416
6818,303.15,101.0,Liquid,2,CC(C)OC(C)C,Solvent,0.7871,,CCO,Solvent,0.2129,,0.441139,,10.1021/je9001416
6822,308.15,101.0,Liquid,2,C1CCOCC1,Solvent,0.2425,,c1ccccc1,Solvent,0.7575,,-0.1608,,10.1016/j.jct.2010.07.016
6823,308.15,101.0,Liquid,2,C1CCOCC1,Solvent,0.4982,,c1ccccc1,Solvent,0.5018,,-0.2365,,10.1016/j.jct.2010.07.016
6824,308.15,101.0,Liquid,2,C1CCOCC1,Solvent,0.7832,,c1ccccc1,Solvent,0.2168,,-0.1399,,10.1016/j.jct.2010.07.016
6828,308.15,101.0,Liquid,2,C1CCOCC1,Solvent,0.2806,,Cc1ccccc1,Solvent,0.7194,,-0.1687,,10.1016/j.jct.2010.07.016
6829,308.15,101.0,Liquid,2,C1CCOCC1,Solvent,0.5319,,Cc1ccccc1,Solvent,0.4681,,-0.2225,,10.1016/j.jct.2010.07.016
6830,308.15,101.0,Liquid,2,C1CCOCC1,Solvent,0.7413,,Cc1ccccc1,Solvent,0.2587,,-0.1629,,10.1016/j.jct.2010.07.016
6834,308.15,101.0,Liquid,2,C1CCOCC1,Solvent,0.2454,,Cc1ccccc1C,Solvent,0.7546,,-0.0613,,10.1016/j.jct.2010.07.016
6835,308.15,101.0,Liquid,2,C1CCOCC1,Solvent,0.4425,,Cc1ccccc1C,Solvent,0.5575,,-0.0342,,10.1016/j.jct.2010.07.016
6836,308.15,101.0,Liquid,2,C1CCOCC1,Solvent,0.7443,,Cc1ccccc1C,Solvent,0.2557,,0.0421,,10.1016/j.jct.2010.07.016
6840,298.15,101.0,Liquid,2,CC(C)CC(C)(C)C,Solvent,0.2003,,CCCO,Solvent,0.7997,,0.308,,10.1021/je5004912
6841,298.15,101.0,Liquid,2,CC(C)CC(C)(C)C,Solvent,0.6999,,CCCO,Solvent,0.3001,,0.6544,,10.1016/j.fluid.2012.06.031
6842,298.15,101.0,Liquid,2,CC(C)CC(C)(C)C,Solvent,0.4998,,CCCO,Solvent,0.5002,,0.6025,,10.1016/j.fluid.2012.06.031
6846,298.15,101.0,Liquid,2,O,Solvent,0.6998,,OCCN1CCOCC1,Solvent,0.3002,,-2.426,,10.1016/j.jct.2015.06.006
6847,298.15,101.0,Liquid,2,O,Solvent,0.5011,,OCCN1CCOCC1,Solvent,0.4989,,-2.2633,,10.1016/j.jct.2015.06.006
6848,298.15,101.0,Liquid,2,O,Solvent,0.3051,,OCCN1CCOCC1,Solvent,0.6949,,-1.7936,,10.1016/j.jct.2015.06.006
6852,308.15,101.32,Liquid,2,OCCOCCO,Solvent,0.2665,,OCc1ccccc1,Solvent,0.7335,,-0.4216,,10.1021/je0342062
6853,308.15,101.32,Liquid,2,OCCOCCO,Solvent,0.5216,,OCc1ccccc1,Solvent,0.4784,,-0.4574,,10.1021/je0342062
6854,308.15,101.32,Liquid,2,OCCOCCO,Solvent,0.7658,,OCc1ccccc1,Solvent,0.2342,,-0.3712,,10.1021/je0342062
6858,298.15,100.0,Liquid,2,CC(C)CC(C)(C)C,Solvent,0.2982,,CCCC(=O)OC,Solvent,0.7018,,0.884,,10.1021/acs.jced.5b00813
6859,298.15,100.0,Liquid,2,CC(C)CC(C)(C)C,Solvent,0.4407,,CCCC(=O)OC,Solvent,0.5593,,1.053,,10.1021/acs.jced.5b00813
6860,298.15,100.0,Liquid,2,CC(C)CC(C)(C)C,Solvent,0.7629,,CCCC(=O)OC,Solvent,0.2371,,0.789,,10.1021/acs.jced.5b00813
6864,298.15,100.0,Liquid,2,CC(C)CC(C)(C)C,Solvent,0.256,,COC(C)=O,Solvent,0.744,,1.385,,10.1021/acs.jced.5b00813
6865,298.15,100.0,Liquid,2,CC(C)CC(C)(C)C,Solvent,0.5406,,COC(C)=O,Solvent,0.4594,,1.759,,10.1021/acs.jced.5b00813
6866,298.15,100.0,Liquid,2,CC(C)CC(C)(C)C,Solvent,0.7833,,COC(C)=O,Solvent,0.2167,,1.149,,10.1021/acs.jced.5b00813
6870,298.15,100.0,Liquid,2,CCCCC(=O)OC,Solvent,0.2347,,COC(C)=O,Solvent,0.7653,,0.173,,10.1021/acs.jced.5b00813
6871,298.15,100.0,Liquid,2,CCCCC(=O)OC,Solvent,0.5055,,COC(C)=O,Solvent,0.4945,,0.238,,10.1021/acs.jced.5b00813
6872,298.15,100.0,Liquid,2,CCCCC(=O)OC,Solvent,0.7339,,COC(C)=O,Solvent,0.2661,,0.178,,10.1021/acs.jced.5b00813
6876,298.15,100.0,Liquid,2,CCCC(=O)OC,Solvent,0.226,,COC(C)=O,Solvent,0.774,,0.102,,10.1021/acs.jced.5b00813
6877,298.15,100.0,Liquid,2,CCCC(=O)OC,Solvent,0.4822,,COC(C)=O,Solvent,0.5178,,0.151,,10.1021/acs.jced.5b00813
6878,298.15,100.0,Liquid,2,CCCC(=O)OC,Solvent,0.6958,,COC(C)=O,Solvent,0.3042,,0.122,,10.1021/acs.jced.5b00813
6882,298.15,101.325,Liquid,2,CCCO,Solvent,0.7302,,O=Cc1ccccc1,Solvent,0.2698,,1.3784,,10.1016/j.jct.2011.05.014
6883,298.15,101.325,Liquid,2,CCCO,Solvent,0.5178,,O=Cc1ccccc1,Solvent,0.4822,,1.6361,,10.1016/j.jct.2011.05.014
6884,298.15,101.325,Liquid,2,CCCO,Solvent,0.2374,,O=Cc1ccccc1,Solvent,0.7626,,1.2579,,10.1016/j.jct.2011.05.014
6888,298.15,101.0,Liquid,2,c1cc[nH]c1,Solvent,0.314,,c1ccccc1,Solvent,0.686,,0.5893,,10.1016/j.fluid.2013.10.029
6889,298.15,101.0,Liquid,2,c1cc[nH]c1,Solvent,0.494,,c1ccccc1,Solvent,0.506,,0.609,,10.1016/j.fluid.2013.10.029
6890,298.15,101.0,Liquid,2,c1cc[nH]c1,Solvent,0.8208,,c1ccccc1,Solvent,0.1792,,0.3441,,10.1016/j.fluid.2013.10.029
6894,298.15,101.0,Liquid,2,C1CCCCC1,Solvent,0.9248,,c1cc[nH]c1,Solvent,0.0752,,0.7315,,10.1016/j.fluid.2013.10.029
6895,298.15,101.0,Liquid,2,C1CCCCC1,Solvent,0.495,,c1cc[nH]c1,Solvent,0.505,,1.4275,,10.1016/j.fluid.2013.10.029
6896,298.15,101.0,Liquid,2,C1CCCCC1,Solvent,0.2818,,c1cc[nH]c1,Solvent,0.7182,,1.245,,10.1016/j.fluid.2013.10.029
6900,303.15,100.0,Liquid,2,NCCNCCN,Solvent,0.2416,,O,Solvent,0.7584,,-6.523,,10.1016/j.jct.2015.04.030
6901,303.15,100.0,Liquid,2,NCCNCCN,Solvent,0.501,,O,Solvent,0.499,,-5.417,,10.1016/j.jct.2015.04.030
6902,303.15,100.0,Liquid,2,NCCNCCN,Solvent,0.702,,O,Solvent,0.298,,-3.393,,10.1016/j.jct.2015.04.030
6906,308.15,101.0,Liquid,2,CCOCCO,Solvent,0.2617,,OCc1ccccc1,Solvent,0.7383,,-0.3853,,10.1021/je0504212
6907,308.15,101.0,Liquid,2,CCOCCO,Solvent,0.5154,,OCc1ccccc1,Solvent,0.4846,,-0.4578,,10.1021/je0504212
6908,308.15,101.0,Liquid,2,CCOCCO,Solvent,0.7613,,OCc1ccccc1,Solvent,0.2387,,-0.3019,,10.1021/je0504212
6912,308.15,101.0,Liquid,2,CCOCCO,Solvent,0.2411,,c1ccccc1,Solvent,0.7589,,0.6303,,10.1016/j.fluid.2006.04.016
6913,308.15,101.0,Liquid,2,CCOCCO,Solvent,0.4786,,c1ccccc1,Solvent,0.5214,,0.4912,,10.1016/j.fluid.2006.04.016
6914,308.15,101.0,Liquid,2,CCOCCO,Solvent,0.7336,,c1ccccc1,Solvent,0.2664,,0.2326,,10.1016/j.fluid.2006.04.016
6918,303.15,100.0,Liquid,2,CN(C)CCCO,Solvent,0.1998,,O,Solvent,0.8002,,-2.514,,10.1016/j.jct.2015.04.030
6919,303.15,100.0,Liquid,2,CN(C)CCCO,Solvent,0.5019,,O,Solvent,0.4981,,-2.706,,10.1016/j.jct.2015.04.030
6920,303.15,100.0,Liquid,2,CN(C)CCCO,Solvent,0.8001,,O,Solvent,0.1999,,-1.26,,10.1016/j.jct.2015.04.030
6924,298.2,101.3,Liquid,2,CCOC(=O)CC(=O)OCC,Solvent,0.2515,,CO,Solvent,0.7485,,1.083,,10.1021/je9003806
6925,298.2,101.3,Liquid,2,CCOC(=O)CC(=O)OCC,Solvent,0.4993,,CO,Solvent,0.5007,,1.426,,10.1021/je9003806
6926,298.2,101.3,Liquid,2,CCOC(=O)CC(=O)OCC,Solvent,0.7453,,CO,Solvent,0.2547,,1.184,,10.1021/je9003806
6930,298.2,101.3,Liquid,2,CC(C)O,Solvent,0.7506,,CCOC(=O)CC(=O)OCC,Solvent,0.2494,,1.955,,10.1021/je9003806
6931,298.2,101.3,Liquid,2,CC(C)O,Solvent,0.4997,,CCOC(=O)CC(=O)OCC,Solvent,0.5003,,2.369,,10.1021/je9003806
6932,298.2,101.3,Liquid,2,CC(C)O,Solvent,0.2492,,CCOC(=O)CC(=O)OCC,Solvent,0.7508,,1.804,,10.1021/je9003806
6936,298.15,101.3,Liquid,2,CC(C)CO,Solvent,0.7516,,CCOC(=O)CC(=O)OCC,Solvent,0.2484,,2.053,,10.1016/j.fluid.2009.11.030
6937,298.15,101.3,Liquid,2,CC(C)CO,Solvent,0.5019,,CCOC(=O)CC(=O)OCC,Solvent,0.4981,,2.542,,10.1016/j.fluid.2009.11.030
6938,298.15,101.3,Liquid,2,CC(C)CO,Solvent,0.2492,,CCOC(=O)CC(=O)OCC,Solvent,0.7508,,1.907,,10.1016/j.fluid.2009.11.030
6942,298.15,101.0,Liquid,2,CN1CCCC1=O,Solvent,0.2312,,c1ccncc1,Solvent,0.7688,,-0.3157,,10.1016/j.jct.2013.09.015
6943,298.15,101.0,Liquid,2,CN1CCCC1=O,Solvent,0.4995,,c1ccncc1,Solvent,0.5005,,-0.4356,,10.1016/j.jct.2013.09.015
6944,298.15,101.0,Liquid,2,CN1CCCC1=O,Solvent,0.6359,,c1ccncc1,Solvent,0.3641,,-0.4013,,10.1016/j.jct.2013.09.015
6948,298.15,101.0,Liquid,2,OC1=NCCC1,Solvent,0.2615,,c1ccncc1,Solvent,0.7385,,0.165,,10.1016/j.jct.2013.09.015
6949,298.15,101.0,Liquid,2,OC1=NCCC1,Solvent,0.5256,,c1ccncc1,Solvent,0.4744,,0.2031,,10.1016/j.jct.2013.09.015
6950,298.15,101.0,Liquid,2,OC1=NCCC1,Solvent,0.8311,,c1ccncc1,Solvent,0.1689,,0.0972,,10.1016/j.jct.2013.09.015
6954,298.15,101.3,Liquid,2,C1CCOCC1,Solvent,0.75,,CCO,Solvent,0.25,,0.75364,,10.1021/je049852v
6955,298.15,101.3,Liquid,2,C1CCOCC1,Solvent,0.5,,CCO,Solvent,0.5,,0.8491,,10.1021/je049852v
6956,298.15,101.3,Liquid,2,C1CCOCC1,Solvent,0.25,,CCO,Solvent,0.75,,0.57017,,10.1021/je049852v
6959,298.15,101.3,Liquid,2,CO,Solvent,0.7626,,OCCO,Solvent,0.2374,,0.10027,,10.1021/je030207i
6960,298.15,101.3,Liquid,2,CO,Solvent,0.4788,,OCCO,Solvent,0.5212,,0.11785,,10.1021/je030207i
6961,298.15,101.3,Liquid,2,CO,Solvent,0.2564,,OCCO,Solvent,0.7436,,0.08238,,10.1021/je030207i
6965,308.15,101.0,Liquid,2,Cc1ccccc1N,Solvent,0.2681,,c1ccncc1,Solvent,0.7319,,-0.8915,,10.1016/j.jct.2010.12.028
6966,308.15,101.0,Liquid,2,Cc1ccccc1N,Solvent,0.4826,,c1ccncc1,Solvent,0.5174,,-1.0329,,10.1016/j.jct.2010.12.028
6967,308.15,101.0,Liquid,2,Cc1ccccc1N,Solvent,0.7735,,c1ccncc1,Solvent,0.2265,,-0.7828,,10.1016/j.jct.2010.12.028
6971,308.15,101.0,Liquid,2,Cc1ccccc1N,Solvent,0.2736,,Cc1ccccn1,Solvent,0.7264,,-1.2462,,10.1016/j.jct.2010.12.028
6972,308.15,101.0,Liquid,2,Cc1ccccc1N,Solvent,0.4882,,Cc1ccccn1,Solvent,0.5118,,-1.4976,,10.1016/j.jct.2010.12.028
6973,308.15,101.0,Liquid,2,Cc1ccccc1N,Solvent,0.7821,,Cc1ccccn1,Solvent,0.2179,,-0.8656,,10.1016/j.jct.2010.12.028
6977,308.15,101.0,Liquid,2,Cc1ccccc1N,Solvent,0.2323,,Cc1cccnc1,Solvent,0.7677,,-1.1196,,10.1016/j.jct.2010.12.028
6978,308.15,101.0,Liquid,2,Cc1ccccc1N,Solvent,0.4926,,Cc1cccnc1,Solvent,0.5074,,-1.4091,,10.1016/j.jct.2010.12.028
6979,308.15,101.0,Liquid,2,Cc1ccccc1N,Solvent,0.7789,,Cc1cccnc1,Solvent,0.2211,,-0.8735,,10.1016/j.jct.2010.12.028
6983,308.15,101.0,Liquid,2,Cc1ccccc1N,Solvent,0.2715,,Cc1ccncc1,Solvent,0.7285,,-1.1791,,10.1016/j.jct.2010.12.028
6984,308.15,101.0,Liquid,2,Cc1ccccc1N,Solvent,0.4783,,Cc1ccncc1,Solvent,0.5217,,-1.4295,,10.1016/j.jct.2010.12.028
6985,308.15,101.0,Liquid,2,Cc1ccccc1N,Solvent,0.7827,,Cc1ccncc1,Solvent,0.2173,,-0.8885,,10.1016/j.jct.2010.12.028
6989,308.15,101.3,Liquid,2,CCCCOC(C)=O,Solvent,0.2523,,c1ccccc1,Solvent,0.7477,,-0.014,,10.1016/j.fluid.2005.06.011
6990,308.15,101.3,Liquid,2,CCCCOC(C)=O,Solvent,0.4958,,c1ccccc1,Solvent,0.5042,,-0.0245,,10.1016/j.fluid.2005.06.011
6991,308.15,101.3,Liquid,2,CCCCOC(C)=O,Solvent,0.7714,,c1ccccc1,Solvent,0.2286,,-0.0245,,10.1016/j.fluid.2005.06.011
6995,298.15,101.0,Liquid,2,CC(C)=O,Solvent,0.2145,,Nc1ccccc1,Solvent,0.7855,,-0.746,,10.1021/je200333p
6996,298.15,101.0,Liquid,2,CC(C)=O,Solvent,0.4107,,Nc1ccccc1,Solvent,0.5893,,-1.165,,10.1021/je200333p
6997,298.15,101.0,Liquid,2,CC(C)=O,Solvent,0.6991,,Nc1ccccc1,Solvent,0.3009,,-1.076,,10.1021/je200333p
7001,298.15,101.0,Liquid,2,CC(C)=O,Solvent,0.2316,,CNc1ccccc1,Solvent,0.7684,,-0.5,,10.1021/je200333p
7002,298.15,101.0,Liquid,2,CC(C)=O,Solvent,0.5086,,CNc1ccccc1,Solvent,0.4914,,-0.672,,10.1021/je200333p
7003,298.15,101.0,Liquid,2,CC(C)=O,Solvent,0.7097,,CNc1ccccc1,Solvent,0.2903,,-0.525,,10.1021/je200333p
7007,298.15,101.0,Liquid,2,C1CCCCC1,Solvent,0.1995,,CC(C)O,Solvent,0.8005,,0.438,,10.1016/j.jct.2015.01.013
7008,298.15,101.0,Liquid,2,C1CCCCC1,Solvent,0.4984,,CC(C)O,Solvent,0.5016,,0.801,,10.1016/j.jct.2015.01.013
7009,298.15,101.0,Liquid,2,C1CCCCC1,Solvent,0.7991,,CC(C)O,Solvent,0.2009,,0.702,,10.1016/j.jct.2015.01.013
7013,298.15,101.0,Liquid,2,C1CCCC1,Solvent,0.273,,CCCCCCCO,Solvent,0.727,,0.2316,,10.1021/je700308j
7014,298.15,101.0,Liquid,2,C1CCCC1,Solvent,0.5,,CCCCCCCO,Solvent,0.5,,0.392,,10.1021/je700308j
7015,298.15,101.0,Liquid,2,C1CCCC1,Solvent,0.778,,CCCCCCCO,Solvent,0.222,,0.4261,,10.1021/je700308j
7019,298.15,101.0,Liquid,2,NCCCO,Solvent,0.2982,,O,Solvent,0.7018,,-2.501,,10.1016/j.jct.2007.03.010
7020,298.15,101.0,Liquid,2,NCCCO,Solvent,0.4989,,O,Solvent,0.5011,,-2.462,,10.1016/j.jct.2007.03.010
7021,298.15,101.0,Liquid,2,NCCCO,Solvent,0.7515,,O,Solvent,0.2485,,-1.531,,10.1016/j.jct.2007.03.010
7025,298.15,101.0,Liquid,2,CCCOC(=O)CC,Solvent,0.2389,,Cc1ccccc1,Solvent,0.7611,,-0.1404,,10.1016/j.jct.2006.08.011
7026,298.15,101.0,Liquid,2,CCCOC(=O)CC,Solvent,0.5486,,Cc1ccccc1,Solvent,0.4514,,-0.1583,,10.1016/j.jct.2006.08.011
7027,298.15,101.0,Liquid,2,CCCOC(=O)CC,Solvent,0.7394,,Cc1ccccc1,Solvent,0.2606,,-0.1135,,10.1016/j.jct.2006.08.011
7031,298.15,101.0,Liquid,2,CCCCCCC,Solvent,0.7032,,CNc1ccccc1,Solvent,0.2968,,1.539,,10.1016/j.jct.2012.07.006
7032,298.15,101.0,Liquid,2,CCCCCCC,Solvent,0.5017,,CNc1ccccc1,Solvent,0.4983,,1.676,,10.1016/j.jct.2012.07.006
7033,298.15,101.0,Liquid,2,CCCCCCC,Solvent,0.2059,,CNc1ccccc1,Solvent,0.7941,,1.126,,10.1016/j.jct.2012.07.006
7037,298.15,101.0,Liquid,2,C1CCCCC1,Solvent,0.7066,,CNc1ccccc1,Solvent,0.2934,,1.521,,10.1016/j.jct.2012.07.006
7038,298.15,101.0,Liquid,2,C1CCCCC1,Solvent,0.5063,,CNc1ccccc1,Solvent,0.4937,,1.628,,10.1016/j.jct.2012.07.006
7039,298.15,101.0,Liquid,2,C1CCCCC1,Solvent,0.2047,,CNc1ccccc1,Solvent,0.7953,,0.972,,10.1016/j.jct.2012.07.006
7043,298.15,101.0,Liquid,2,CNc1ccccc1,Solvent,0.2952,,Cc1ccccc1,Solvent,0.7048,,0.459,,10.1016/j.jct.2012.07.006
7044,298.15,101.0,Liquid,2,CNc1ccccc1,Solvent,0.4973,,Cc1ccccc1,Solvent,0.5027,,0.497,,10.1016/j.jct.2012.07.006
7045,298.15,101.0,Liquid,2,CNc1ccccc1,Solvent,0.7892,,Cc1ccccc1,Solvent,0.2108,,0.287,,10.1016/j.jct.2012.07.006
7049,298.15,101.0,Liquid,2,CCCCCC(C)=O,Solvent,0.788,,CCCNCCC,Solvent,0.212,,0.088,,10.1016/j.fluid.2013.01.011
7050,298.15,101.0,Liquid,2,CCCCCC(C)=O,Solvent,0.5007,,CCCNCCC,Solvent,0.4993,,0.162,,10.1016/j.fluid.2013.01.011
7051,298.15,101.0,Liquid,2,CCCCCC(C)=O,Solvent,0.2132,,CCCNCCC,Solvent,0.7868,,0.137,,10.1016/j.fluid.2013.01.011
7055,298.15,101.0,Liquid,2,CCCCCC(C)=O,Solvent,0.7811,,CCCCNCCCC,Solvent,0.2189,,0.164,,10.1016/j.fluid.2013.01.011
7056,298.15,101.0,Liquid,2,CCCCCC(C)=O,Solvent,0.4913,,CCCCNCCCC,Solvent,0.5087,,0.278,,10.1016/j.fluid.2013.01.011
7057,298.15,101.0,Liquid,2,CCCCCC(C)=O,Solvent,0.2947,,CCCCNCCCC,Solvent,0.7053,,0.256,,10.1016/j.fluid.2013.01.011
7061,298.15,100.0,Liquid,2,CCCCCC(C)=O,Solvent,0.7804,,CCN(CC)CC,Solvent,0.2196,,0.216,,10.1016/j.fluid.2013.07.037
7062,298.15,100.0,Liquid,2,CCCCCC(C)=O,Solvent,0.492,,CCN(CC)CC,Solvent,0.508,,0.419,,10.1016/j.fluid.2013.07.037
7063,298.15,100.0,Liquid,2,CCCCCC(C)=O,Solvent,0.2939,,CCN(CC)CC,Solvent,0.7061,,0.412,,10.1016/j.fluid.2013.07.037
7067,303.0,101.0,Liquid,2,C=C(C)[C@H]1CC=C(C)CC1,Solvent,0.766,,CCCCCO,Solvent,0.234,,0.782,,10.1016/j.fluid.2010.03.001
7068,303.0,101.0,Liquid,2,C=C(C)[C@H]1CC=C(C)CC1,Solvent,0.54,,CCCCCO,Solvent,0.46,,0.858,,10.1016/j.fluid.2010.03.001
7069,303.0,101.0,Liquid,2,C=C(C)[C@H]1CC=C(C)CC1,Solvent,0.272,,CCCCCO,Solvent,0.728,,0.532,,10.1016/j.fluid.2010.03.001
7073,298.15,101.0,Liquid,2,O,Solvent,0.2192,,OCC(O)CO,Solvent,0.7808,,-0.292,,10.1016/j.tca.2009.06.004
7074,298.15,101.0,Liquid,2,O,Solvent,0.5022,,OCC(O)CO,Solvent,0.4978,,-0.547,,10.1016/j.tca.2009.06.004
7075,298.15,101.0,Liquid,2,O,Solvent,0.8005,,OCC(O)CO,Solvent,0.1995,,-0.56,,10.1016/j.tca.2009.06.004
7079,298.15,101.0,Liquid,2,CCCCCl,Solvent,0.787,,CN1CCCC1=O,Solvent,0.213,,0.081,,10.1016/j.jct.2008.01.024
7080,298.15,101.0,Liquid,2,CCCCCl,Solvent,0.49,,CN1CCCC1=O,Solvent,0.51,,0.152,,10.1016/j.jct.2008.01.024
7081,298.15,101.0,Liquid,2,CCCCCl,Solvent,0.294,,CN1CCCC1=O,Solvent,0.706,,0.145,,10.1016/j.jct.2008.01.024
7085,298.15,101.0,Liquid,2,CCCCCCCl,Solvent,0.79,,CN1CCCC1=O,Solvent,0.21,,0.232,,10.1016/j.jct.2008.01.024
7086,298.15,101.0,Liquid,2,CCCCCCCl,Solvent,0.497,,CN1CCCC1=O,Solvent,0.503,,0.416,,10.1016/j.jct.2008.01.024
7087,298.15,101.0,Liquid,2,CCCCCCCl,Solvent,0.203,,CN1CCCC1=O,Solvent,0.797,,0.319,,10.1016/j.jct.2008.01.024
7091,298.15,101.3,Liquid,2,CN1CCCC1=O,Solvent,0.7367,,ClCCCl,Solvent,0.2633,,-0.8587,,10.1021/je020065c
7092,298.15,101.3,Liquid,2,CN1CCCC1=O,Solvent,0.2531,,ClCCCl,Solvent,0.7469,,-0.8118,,10.1021/je020065c
7093,298.15,101.0,Liquid,2,CN1CCCC1=O,Solvent,0.5,,ClCCCl,Solvent,0.5,,-1.264,,10.1016/j.jct.2008.01.024
7097,298.15,101.0,Liquid,2,CN1CCCC1=O,Solvent,0.21,,ClCCCCCl,Solvent,0.79,,-0.406,,10.1016/j.jct.2008.01.024
7098,298.15,101.0,Liquid,2,CN1CCCC1=O,Solvent,0.505,,ClCCCCCl,Solvent,0.495,,-0.678,,10.1016/j.jct.2008.01.024
7099,298.15,101.0,Liquid,2,CN1CCCC1=O,Solvent,0.703,,ClCCCCCl,Solvent,0.297,,-0.583,,10.1016/j.jct.2008.01.024
7103,298.15,101.0,Liquid,2,CN1CCCC1=O,Solvent,0.212,,ClCCCCCCCl,Solvent,0.788,,-0.13,,10.1016/j.jct.2008.01.024
7104,298.15,101.0,Liquid,2,CN1CCCC1=O,Solvent,0.503,,ClCCCCCCCl,Solvent,0.497,,-0.2,,10.1016/j.jct.2008.01.024
7105,298.15,101.0,Liquid,2,CN1CCCC1=O,Solvent,0.797,,ClCCCCCCCl,Solvent,0.203,,-0.123,,10.1016/j.jct.2008.01.024
7109,298.15,100.0,Liquid,2,CCC(C)=O,Solvent,0.7893,,CCN(CC)CC,Solvent,0.2107,,0.455,,10.1016/j.fluid.2013.07.037
7110,298.15,100.0,Liquid,2,CCC(C)=O,Solvent,0.4967,,CCN(CC)CC,Solvent,0.5033,,0.746,,10.1016/j.fluid.2013.07.037
7111,298.15,100.0,Liquid,2,CCC(C)=O,Solvent,0.2124,,CCN(CC)CC,Solvent,0.7876,,0.57,,10.1016/j.fluid.2013.07.037
7115,298.15,101.0,Liquid,2,C1CCOCC1,Solvent,0.217,,CCCCCO,Solvent,0.783,,0.6006,,10.1021/je060368x
7116,298.15,101.0,Liquid,2,C1CCOCC1,Solvent,0.526,,CCCCCO,Solvent,0.474,,0.97,,10.1021/je060368x
7117,298.15,101.0,Liquid,2,C1CCOCC1,Solvent,0.722,,CCCCCO,Solvent,0.278,,0.8628,,10.1021/je060368x
7121,298.15,101.0,Liquid,2,CCC(C)=O,Solvent,0.2099,,Nc1ccccc1,Solvent,0.7901,,-0.648,,10.1021/je200333p
7122,298.15,101.0,Liquid,2,CCC(C)=O,Solvent,0.5106,,Nc1ccccc1,Solvent,0.4894,,-1.173,,10.1021/je200333p
7123,298.15,101.0,Liquid,2,CCC(C)=O,Solvent,0.9018,,Nc1ccccc1,Solvent,0.0982,,-0.469,,10.1021/je200333p
7127,298.15,101.0,Liquid,2,CCC(C)=O,Solvent,0.2283,,CNc1ccccc1,Solvent,0.7717,,-0.54,,10.1021/je200333p
7128,298.15,101.0,Liquid,2,CCC(C)=O,Solvent,0.509,,CNc1ccccc1,Solvent,0.491,,-0.816,,10.1021/je200333p
7129,298.15,101.0,Liquid,2,CCC(C)=O,Solvent,0.7055,,CNc1ccccc1,Solvent,0.2945,,-0.672,,10.1021/je200333p
7136,291.15,101.0,Liquid,2,CCCCC,Solvent,0.7887,,COC=O,Solvent,0.2113,,1.154,,10.1016/j.fluid.2013.11.026
7137,291.15,101.0,Liquid,2,CCCCC,Solvent,0.5217,,COC=O,Solvent,0.4783,,1.876,,10.1016/j.fluid.2013.11.026
7138,291.15,101.0,Liquid,2,CCCCC,Solvent,0.2317,,COC=O,Solvent,0.7683,,1.433,,10.1016/j.fluid.2013.11.026
7142,298.15,101.0,Liquid,2,CCCCC,Solvent,0.7779,,CCOC=O,Solvent,0.2221,,1.051,,10.1016/j.fluid.2013.11.026
7143,298.15,101.0,Liquid,2,CCCCC,Solvent,0.5001,,CCOC=O,Solvent,0.4999,,1.354,,10.1016/j.fluid.2013.11.026
7144,298.15,101.0,Liquid,2,CCCCC,Solvent,0.2298,,CCOC=O,Solvent,0.7702,,1.016,,10.1016/j.fluid.2013.11.026
7148,291.15,101.0,Liquid,2,CCCCC,Solvent,0.181,,CCCOC=O,Solvent,0.819,,0.553,,10.1016/j.fluid.2013.11.026
7149,298.15,101.0,Liquid,2,CCCCC,Solvent,0.7294,,CCCOC=O,Solvent,0.2706,,0.96,,10.1016/j.fluid.2013.11.026
7150,298.15,101.0,Liquid,2,CCCCC,Solvent,0.5095,,CCCOC=O,Solvent,0.4905,,1.099,,10.1016/j.fluid.2013.11.026
7154,298.15,101.0,Liquid,2,CCC(C)=O,Solvent,0.6984,,CCCNCCC,Solvent,0.3016,,0.334,,10.1016/j.fluid.2013.01.011
7155,298.15,101.0,Liquid,2,CCC(C)=O,Solvent,0.505,,CCCNCCC,Solvent,0.495,,0.397,,10.1016/j.fluid.2013.01.011
7156,298.15,101.0,Liquid,2,CCC(C)=O,Solvent,0.2353,,CCCNCCC,Solvent,0.7647,,0.299,,10.1016/j.fluid.2013.01.011
7160,298.15,101.0,Liquid,2,CCC(C)=O,Solvent,0.7922,,CCCCNCCCC,Solvent,0.2078,,0.425,,10.1016/j.fluid.2013.01.011
7161,298.15,101.0,Liquid,2,CCC(C)=O,Solvent,0.5044,,CCCCNCCCC,Solvent,0.4956,,0.619,,10.1016/j.fluid.2013.01.011
7162,298.15,101.0,Liquid,2,CCC(C)=O,Solvent,0.2154,,CCCCNCCCC,Solvent,0.7846,,0.417,,10.1016/j.fluid.2013.01.011
7166,298.15,101.3,Liquid,2,Clc1ccccc1,Solvent,0.2258,,c1ccccc1,Solvent,0.7742,,-0.0046,,10.1021/je7002447
7167,298.15,101.3,Liquid,2,Clc1ccccc1,Solvent,0.4666,,c1ccccc1,Solvent,0.5334,,-0.0057,,10.1021/je7002447
7168,298.15,101.3,Liquid,2,Clc1ccccc1,Solvent,0.7777,,c1ccccc1,Solvent,0.2223,,-0.0036,,10.1021/je7002447
7172,298.15,101.0,Liquid,2,C1CCOCC1,Solvent,0.25,,O=C1CCCC1,Solvent,0.75,,0.11325,,10.1021/je025649t
7173,298.15,101.0,Liquid,2,C1CCOCC1,Solvent,0.55,,O=C1CCCC1,Solvent,0.45,,0.15813,,10.1021/je025649t
7174,298.15,101.0,Liquid,2,C1CCOCC1,Solvent,0.75,,O=C1CCCC1,Solvent,0.25,,0.12811,,10.1021/je025649t
7178,298.15,101.0,Liquid,2,C1CCOCC1,Solvent,0.25,,CCCC(C)=O,Solvent,0.75,,0.06014,,10.1021/je025649t
7179,298.15,101.0,Liquid,2,C1CCOCC1,Solvent,0.5,,CCCC(C)=O,Solvent,0.5,,0.09128,,10.1021/je025649t
7180,298.15,101.0,Liquid,2,C1CCOCC1,Solvent,0.75,,CCCC(C)=O,Solvent,0.25,,0.08245,,10.1021/je025649t
7184,298.15,101.0,Liquid,2,C1CCOCC1,Solvent,0.25,,CCCCCC(C)=O,Solvent,0.75,,0.03429,,10.1021/je025649t
7185,298.15,101.0,Liquid,2,C1CCOCC1,Solvent,0.5,,CCCCCC(C)=O,Solvent,0.5,,0.05773,,10.1021/je025649t
7186,298.15,101.0,Liquid,2,C1CCOCC1,Solvent,0.75,,CCCCCC(C)=O,Solvent,0.25,,0.05587,,10.1021/je025649t
7191,298.15,101.0,Liquid,2,CCCCC(=O)OCC,Solvent,0.2799,,CCOC(C)=O,Solvent,0.7201,,0.139,,10.1016/j.jct.2012.03.011
7192,298.15,101.0,Liquid,2,CCCCC(=O)OCC,Solvent,0.5198,,CCOC(C)=O,Solvent,0.4802,,0.154,,10.1016/j.jct.2012.03.011
7193,298.15,101.0,Liquid,2,CCCCC(=O)OCC,Solvent,0.7376,,CCOC(C)=O,Solvent,0.2624,,0.114,,10.1016/j.jct.2012.03.011
7197,298.15,101.0,Liquid,2,CCC(C)=O,Solvent,0.2461,,CN1CCCC1=O,Solvent,0.7539,,-0.0999,,10.1021/je900262t
7198,298.15,101.0,Liquid,2,CCC(C)=O,Solvent,0.4841,,CN1CCCC1=O,Solvent,0.5159,,-0.1675,,10.1021/je900262t
7199,298.15,101.0,Liquid,2,CCC(C)=O,Solvent,0.7324,,CN1CCCC1=O,Solvent,0.2676,,-0.0861,,10.1021/je900262t
7203,298.15,101.3,Liquid,2,C1COCO1,Solvent,0.2,,O=C1CCCC1,Solvent,0.8,,-0.00853,,10.1021/je034223r
7204,298.15,101.3,Liquid,2,C1COCO1,Solvent,0.5,,O=C1CCCC1,Solvent,0.5,,-0.02181,,10.1021/je034223r
7205,298.15,101.3,Liquid,2,C1COCO1,Solvent,0.7,,O=C1CCCC1,Solvent,0.3,,-0.02292,,10.1021/je034223r
7209,298.15,101.3,Liquid,2,C1COCO1,Solvent,0.35,,CCCC(C)=O,Solvent,0.65,,0.17755,,10.1021/je034223r
7210,298.15,101.3,Liquid,2,C1COCO1,Solvent,0.5,,CCCC(C)=O,Solvent,0.5,,0.21077,,10.1021/je034223r
7211,298.15,101.3,Liquid,2,C1COCO1,Solvent,0.75,,CCCC(C)=O,Solvent,0.25,,0.17046,,10.1021/je034223r
7215,298.15,101.3,Liquid,2,C1COCO1,Solvent,0.25,,CCCCCC(C)=O,Solvent,0.75,,0.2754,,10.1021/je034223r
7216,298.15,101.3,Liquid,2,C1COCO1,Solvent,0.5,,CCCCCC(C)=O,Solvent,0.5,,0.43148,,10.1021/je034223r
7217,298.15,101.3,Liquid,2,C1COCO1,Solvent,0.75,,CCCCCC(C)=O,Solvent,0.25,,0.37402,,10.1021/je034223r
7221,308.15,101.0,Liquid,2,COc1ccccc1,Solvent,0.2678,,OCCc1ccccc1,Solvent,0.7322,,0.688,,10.1021/je050085p
7222,308.15,101.0,Liquid,2,COc1ccccc1,Solvent,0.5232,,OCCc1ccccc1,Solvent,0.4768,,1.0457,,10.1021/je050085p
7223,308.15,101.0,Liquid,2,COc1ccccc1,Solvent,0.767,,OCCc1ccccc1,Solvent,0.233,,1.1154,,10.1021/je050085p
7227,308.15,101.0,Liquid,2,COc1ccccc1,Solvent,0.2374,,OCCCc1ccccc1,Solvent,0.7626,,0.6076,,10.1021/je050085p
7228,308.15,101.0,Liquid,2,COc1ccccc1,Solvent,0.5547,,OCCCc1ccccc1,Solvent,0.4453,,1.0293,,10.1021/je050085p
7229,308.15,101.0,Liquid,2,COc1ccccc1,Solvent,0.7136,,OCCCc1ccccc1,Solvent,0.2864,,1.1088,,10.1021/je050085p
7233,308.15,101.0,Liquid,2,CCOc1ccccc1,Solvent,0.0636,,OCc1ccccc1,Solvent,0.9364,,0.1901,,10.1021/je050085p
7234,308.15,101.0,Liquid,2,CCOc1ccccc1,Solvent,0.5499,,OCc1ccccc1,Solvent,0.4501,,1.0561,,10.1021/je050085p
7235,308.15,101.0,Liquid,2,CCOc1ccccc1,Solvent,0.7651,,OCc1ccccc1,Solvent,0.2349,,1.083,,10.1021/je050085p
7239,308.15,101.0,Liquid,2,CCOc1ccccc1,Solvent,0.2391,,OCCc1ccccc1,Solvent,0.7609,,0.6669,,10.1021/je050085p
7240,308.15,101.0,Liquid,2,CCOc1ccccc1,Solvent,0.4852,,OCCc1ccccc1,Solvent,0.5148,,1.0249,,10.1021/je050085p
7241,308.15,101.0,Liquid,2,CCOc1ccccc1,Solvent,0.7388,,OCCc1ccccc1,Solvent,0.2612,,1.1427,,10.1021/je050085p
7245,308.15,101.0,Liquid,2,CCOc1ccccc1,Solvent,0.2629,,OCCCc1ccccc1,Solvent,0.7371,,0.7,,10.1021/je050085p
7246,308.15,101.0,Liquid,2,CCOc1ccccc1,Solvent,0.5169,,OCCCc1ccccc1,Solvent,0.4831,,0.989,,10.1021/je050085p
7247,308.15,101.0,Liquid,2,CCOc1ccccc1,Solvent,0.7625,,OCCCc1ccccc1,Solvent,0.2375,,1.1164,,10.1021/je050085p
7251,308.15,101.0,Liquid,2,COc1ccccc1,Solvent,0.2401,,OCc1ccccc1,Solvent,0.7599,,0.6199,,10.1021/je050085p
7252,308.15,101.0,Liquid,2,COc1ccccc1,Solvent,0.4866,,OCc1ccccc1,Solvent,0.5134,,0.9688,,10.1021/je050085p
7253,308.15,101.0,Liquid,2,COc1ccccc1,Solvent,0.7398,,OCc1ccccc1,Solvent,0.2602,,1.0539,,10.1021/je050085p
7257,298.15,101.0,Liquid,2,CCCCOC(C)=O,Solvent,0.7007,,CCOC(C)=O,Solvent,0.2993,,0.0594,,10.1021/je400036b
7258,298.15,101.0,Liquid,2,CCCCOC(C)=O,Solvent,0.5018,,CCOC(C)=O,Solvent,0.4982,,0.076,,10.1021/je400036b
7259,298.15,101.0,Liquid,2,CCCCOC(C)=O,Solvent,0.2012,,CCOC(C)=O,Solvent,0.7988,,0.0524,,10.1021/je400036b
7263,298.15,101.0,Liquid,2,CC1(C)C(=O)[C@]2(C)CC[C@H]1C2,Solvent,0.286,,CCO,Solvent,0.714,,0.876,,10.1016/j.jct.2013.09.024
7264,298.15,101.0,Liquid,2,CC1(C)C(=O)[C@]2(C)CC[C@H]1C2,Solvent,0.488,,CCO,Solvent,0.512,,1.109,,10.1016/j.jct.2013.09.024
7265,298.15,101.0,Liquid,2,CC1(C)C(=O)[C@]2(C)CC[C@H]1C2,Solvent,0.701,,CCO,Solvent,0.299,,1.0,,10.1016/j.jct.2013.09.024
7269,298.15,101.3,Liquid,2,C1COCCO1,Solvent,0.25,,O=C1CCCC1,Solvent,0.75,,0.04589,,10.1021/je034037l
7270,298.15,101.3,Liquid,2,C1COCCO1,Solvent,0.5,,O=C1CCCC1,Solvent,0.5,,0.07457,,10.1021/je034037l
7271,298.15,101.3,Liquid,2,C1COCCO1,Solvent,0.75,,O=C1CCCC1,Solvent,0.25,,0.07097,,10.1021/je034037l
7275,298.15,101.3,Liquid,2,C1COCCO1,Solvent,0.25,,CCCC(C)=O,Solvent,0.75,,0.1704,,10.1021/je034037l
7276,298.15,101.3,Liquid,2,C1COCCO1,Solvent,0.5,,CCCC(C)=O,Solvent,0.5,,0.26523,,10.1021/je034037l
7277,298.15,101.3,Liquid,2,C1COCCO1,Solvent,0.75,,CCCC(C)=O,Solvent,0.25,,0.23761,,10.1021/je034037l
7281,298.15,101.3,Liquid,2,C1COCCO1,Solvent,0.25,,CCCCCC(C)=O,Solvent,0.75,,0.2911,,10.1021/je034037l
7282,298.15,101.3,Liquid,2,C1COCCO1,Solvent,0.5,,CCCCCC(C)=O,Solvent,0.5,,0.4509,,10.1021/je034037l
7283,298.15,101.3,Liquid,2,C1COCCO1,Solvent,0.75,,CCCCCC(C)=O,Solvent,0.25,,0.4064,,10.1021/je034037l
7287,298.15,101.0,Liquid,2,CCOC(C)(C)C,Solvent,0.2489,,Cc1ccccc1,Solvent,0.7511,,-0.0324,,10.1016/j.jct.2008.12.004
7288,298.15,101.0,Liquid,2,CCOC(C)(C)C,Solvent,0.5019,,Cc1ccccc1,Solvent,0.4981,,-0.046,,10.1016/j.jct.2008.12.004
7289,298.15,101.0,Liquid,2,CCOC(C)(C)C,Solvent,0.7495,,Cc1ccccc1,Solvent,0.2505,,-0.0348,,10.1016/j.jct.2008.12.004
7293,298.15,101.0,Liquid,2,C1COCCN1,Solvent,0.201,,O,Solvent,0.799,,-2.758,,10.1016/j.jct.2015.06.006
7294,298.15,101.0,Liquid,2,C1COCCN1,Solvent,0.4911,,O,Solvent,0.5089,,-3.131,,10.1016/j.jct.2015.06.006
7295,298.15,101.0,Liquid,2,C1COCCN1,Solvent,0.7149,,O,Solvent,0.2851,,-1.753,,10.1016/j.jct.2015.06.006
7299,298.15,101.3,Liquid,2,CC(C)CO,Solvent,0.2938,,CCCCBr,Solvent,0.7062,,1.248,,10.1021/je020110g
7300,298.15,101.3,Liquid,2,CC(C)CO,Solvent,0.499,,CCCCBr,Solvent,0.501,,1.207,,10.1021/je020110g
7301,298.15,101.3,Liquid,2,CC(C)CO,Solvent,0.7021,,CCCCBr,Solvent,0.2979,,0.891,,10.1021/je020110g
7305,298.15,101.0,Liquid,2,CCCCO,Solvent,0.7548,,OC1=NCCC1,Solvent,0.2452,,0.2356,,10.1021/je801006q
7306,298.15,101.0,Liquid,2,CCCCO,Solvent,0.4978,,OC1=NCCC1,Solvent,0.5022,,0.2326,,10.1021/je801006q
7307,298.15,101.0,Liquid,2,CCCCO,Solvent,0.1447,,OC1=NCCC1,Solvent,0.8553,,0.0949,,10.1021/je801006q
7311,298.15,101.0,Liquid,2,CC(C)CO,Solvent,0.7549,,OC1=NCCC1,Solvent,0.2451,,0.2989,,10.1021/je801006q
7312,298.15,101.0,Liquid,2,CC(C)CO,Solvent,0.4978,,OC1=NCCC1,Solvent,0.5022,,0.2775,,10.1021/je801006q
7313,298.15,101.0,Liquid,2,CC(C)CO,Solvent,0.2598,,OC1=NCCC1,Solvent,0.7402,,0.1798,,10.1021/je801006q
7317,298.15,101.0,Liquid,2,CC(C)(C)O,Solvent,0.7449,,OC1=NCCC1,Solvent,0.2551,,0.3774,,10.1021/je801006q
7318,298.15,101.0,Liquid,2,CC(C)(C)O,Solvent,0.5057,,OC1=NCCC1,Solvent,0.4943,,0.4323,,10.1021/je801006q
7319,298.15,101.0,Liquid,2,CC(C)(C)O,Solvent,0.2578,,OC1=NCCC1,Solvent,0.7422,,0.2874,,10.1021/je801006q
7323,298.15,100.0,Liquid,2,CC1CCCCC1,Solvent,0.2504,,CCCO,Solvent,0.7496,,0.321,,10.1016/j.jct.2016.10.005
7324,298.15,100.0,Liquid,2,CC1CCCCC1,Solvent,0.5004,,CCCO,Solvent,0.4996,,0.533,,10.1016/j.jct.2016.10.005
7325,298.15,100.0,Liquid,2,CC1CCCCC1,Solvent,0.7505,,CCCO,Solvent,0.2495,,0.574,,10.1016/j.jct.2016.10.005
7329,298.15,101.3,Liquid,2,CCCCCCCCC,Solvent,0.7596,,COC(C)(C)C,Solvent,0.2404,,0.345,,10.1016/j.fluid.2004.12.013
7330,298.15,101.3,Liquid,2,CCCCCCCCC,Solvent,0.5133,,COC(C)(C)C,Solvent,0.4867,,0.486,,10.1016/j.fluid.2004.12.013
7331,298.15,101.3,Liquid,2,CCCCCCCCC,Solvent,0.2601,,COC(C)(C)C,Solvent,0.7399,,0.371,,10.1016/j.fluid.2004.12.013
7335,298.15,101.0,Liquid,2,C=CCCCC,Solvent,0.25,,CCCCO,Solvent,0.75,,0.2829,,10.1016/j.fluid.2011.11.005
7336,298.15,101.0,Liquid,2,C=CCCCC,Solvent,0.5003,,CCCCO,Solvent,0.4997,,0.56098,,10.1016/j.fluid.2011.11.005
7337,298.15,101.0,Liquid,2,C=CCCCC,Solvent,0.7499,,CCCCO,Solvent,0.2501,,0.63978,,10.1016/j.fluid.2011.11.005
7341,298.15,101.0,Liquid,2,C=CCCCC,Solvent,0.1501,,CCCO,Solvent,0.8499,,0.192,,10.1021/je5004912
7342,298.15,101.0,Liquid,2,C=CCCCC,Solvent,0.5001,,CCCO,Solvent,0.4999,,0.595,,10.1021/je5004912
7343,298.15,101.0,Liquid,2,C=CCCCC,Solvent,0.75,,CCCO,Solvent,0.25,,0.682,,10.1021/je5004912
7344,303.15,100.0,Liquid,2,NCCCNCCCN,Solvent,0.3005,,O,Solvent,0.6995,,-6.588,,10.1016/j.jct.2015.04.030
7345,303.15,100.0,Liquid,2,NCCCNCCCN,Solvent,0.4998,,O,Solvent,0.5002,,-5.544,,10.1016/j.jct.2015.04.030
7346,303.15,100.0,Liquid,2,NCCCNCCCN,Solvent,0.8015,,O,Solvent,0.1985,,-2.233,,10.1016/j.jct.2015.04.030
